{"IP_CAM2": "192.168.0.110", "KEYS": {"UP": 119, "STOP": 115, "DOWN_LEFT": 122, "DOWN_RIGHT": 99, "ESCAPE": 27, "UP_LEFT": 113, "RIGHT": 100, "LEFT": 97, "UP_RIGHT": 101, "DOWN": 120}, "IP_ZINHO": "192.168.0.120", "Kdv": 0.06081, "Klw": 0.06427, "Kdw": 0.03226, "PORT_ZINHO": "23", "CONEX": "OFFLINE", "IP_CAM1": "192.168.0.10", "Klv": 0, "Krv": 0.1125, "Krw": 0, "IP_ROUTER": "192.168.0.1", "PORT_CAM1": "34567", "PORT_CAM2": "34568"}